49.9204603122,-0.298570020307,25.7839644241,0.239663388718
49.528401787,2.52749709517,27.0887559063,0.477317273893
49.6558404891,1.62533712509,26.9580707542,0.737233074419
49.7438993107,1.52364614753,26.7009220589,0.978025156583
49.5863196056,2.58302158824,26.9402426638,1.24363791987
49.5153660401,2.20001312711,27.3758537859,1.50514770053
49.7152223329,2.29312722395,26.4345125835,1.76694050986
49.8594122243,0.848882904325,26.1463370567,2.00673110597
49.6420545946,1.77511885087,26.7339501091,2.25403875689
49.7874122995,1.53934092596,26.5373281861,2.51666199099
49.4683986443,2.68704853124,27.4306793464,2.75349229384
49.1301862485,3.76861542835,28.4343152643,2.98244849034
49.078375631,3.18831918875,28.6887154931,3.25940417178
49.8403841845,0.53545827493,26.2907748647,3.52052766496
49.6876396505,1.47802877434,26.8335893018,3.75720836695
49.6130270133,0.791262241516,27.2844988597,4.00421837124
49.425256503,1.73312364362,27.7667171571,4.27111875945
49.5963375791,1.40443686167,27.2072139416,4.54414842894
49.360396212,3.06364644621,27.7754776266,4.81498167156
49.7268164833,1.27378286718,26.7276171532,5.07105761282
49.5623370263,2.02634193792,27.1495978836,5.32769867835
49.4972718585,2.85540330753,27.3198992996,5.57426765555
49.6791764865,0.958079381715,26.8044733395,5.81233768617
49.8646513578,0.865472991323,26.0882005861,6.06452835916
49.6658403096,1.88340875137,26.8256274629,6.34905645707
49.4503492742,3.56602640508,27.2704775946,6.61329046641
49.7480140855,1.58358040359,26.5450847273,6.86303682918
49.5155239348,2.04316209861,27.2970672764,7.08448436842
49.6962463901,1.3913916781,26.7623336943,7.33257579103
49.7018549918,1.76171504251,26.8559694048,7.5778297735
49.3410283052,3.00282563394,27.7617966311,7.84779993419
49.8956699891,1.55499175852,26.035958584,8.12196762774
49.8948502992,1.54059347675,26.0613110801,8.38942038839
49.2895026206,2.74301871142,28.177966859,8.66069901239
49.4354084983,2.28489544336,27.606242588,8.90044108929
49.5424884803,1.82229645502,27.2891712472,9.16170236456
49.4374695985,2.73255186539,27.7334207931,9.43369322554
49.6898000339,1.41804332968,26.6451754674,9.69794309693
49.4828129277,2.59577387528,27.2483282064,9.94357123707
49.4400578233,2.9663508703,27.4479218303,10.1809983883
49.1198700229,3.92786398201,28.5318248205,10.4296536911
49.1632086797,3.88498938055,28.2975507467,10.7004486782
49.5327115306,3.31425481124,27.1354721173,10.9486464698
49.308097851,3.07290649313,28.0231270896,11.2034574906
49.6052884171,2.36577878278,27.1202809784,11.4525659503
49.6433552485,1.53054323534,27.1566894426,11.7012091234
49.3255516111,3.75387679737,27.9499404204,11.9287856328
49.3850992144,3.29544784543,27.7263027814,12.1713035678
48.9448130694,5.23445300047,28.511947697,12.4384745439
49.0912816729,4.00784797031,28.3877274505,12.7072824209
49.4306184638,3.65069008083,27.2380517048,12.9655134233
49.2080795365,3.6640971971,28.1001072571,13.2314564904
49.4026841537,4.17777168829,27.3970060021,13.5097579576
49.3934536398,3.54074788012,27.6074592528,13.7641792697
49.29625108,3.81786287892,27.8138771653,14.012993504
49.1976564725,3.87524995757,28.0943462214,14.2633550654
49.3777643035,2.82839898388,27.7644154311,14.5208439728
49.2331371704,3.39421165882,28.2499809729,14.7737938469
49.519865363,2.56182502687,27.2808397384,15.0499642015
49.283165096,3.25155221588,28.0373660097,15.2905167979
49.4474255354,2.73583128645,27.3894503484,15.5474418252
49.3042035611,3.72737217651,27.8600111843,15.7936671247
49.3103550868,3.70914789633,27.7510450035,16.0418695816
49.5636323224,2.24672824373,27.0228163055,16.2685484859
49.4156662364,3.50102175439,27.3589310056,16.5416428477
49.3338794975,3.44032001442,27.7023487445,16.8030425271
49.6678854716,2.33700427726,26.6767344113,17.0556197986
49.3334098026,4.15479799704,27.5979559234,17.3005204617
49.5649625543,2.59341293082,26.9251705871,17.5768348189
50.0379568923,0.809732384524,25.5820319179,17.8432727196
49.4095511781,3.25106045107,27.5373763356,18.1178693104
49.6036872905,2.11838554171,26.9357735269,18.3717886354
49.3630026662,3.69851241993,27.5442263453,18.6384171917
49.7150150039,2.12384304247,26.7184433307,18.8892356422
49.5858159433,2.96970721562,26.9362106712,19.1181392762
50.0488825624,-0.276792625341,25.3092609689,19.3616335046
49.6962440717,1.91926363759,26.6896896823,19.6331547246
49.8760103092,1.20614448382,26.1502304503,19.8951916851
49.4815485724,3.27784421808,27.3627625836,20.1409299265
49.4505965254,2.93229761339,27.5619557388,20.3902492581
49.4894262605,3.51607551874,27.2183223793,20.628338883
49.5891401657,1.31669287374,27.0843879086,20.876906478
49.7299757483,1.64744645426,26.5706990637,21.1216292374
49.6055227145,2.30755054557,26.7296765296,21.3731630351
49.7473125968,1.38210797555,26.3053653975,21.6198312278
49.340522785,3.28723132613,27.6996800311,21.9130137826
49.8603198857,1.12568652992,26.1221187317,22.1532264335
49.187989417,4.33223366126,28.2034878822,22.4022325675
49.6212237281,2.24783580728,26.9512731604,22.6665499303
49.8487503101,1.23621835561,26.1814216351,22.940355285
49.6601802384,2.38785021647,26.6941477428,23.2020756265
49.4126445643,3.925134754,27.3509409249,23.4650493807
49.2626001794,3.8082910407,26.5079371041,23.7127010203
49.883904822,23.4456686511,23.5986397468,23.9742739382
48.1557307456,46.5070130236,24.5362839091,24.2260783237
45.6145221988,49.934200645,27.0339235726,24.4739199968
46.9744130212,48.937940174,27.8601183399,24.7337126332
46.5923171862,49.3787432334,27.1248668671,24.9777931353
46.6593839819,49.0891528667,28.2174182188,25.2176042587
47.0154301975,48.9947339851,27.7793748096,25.4696571496
46.3714201904,48.9076768114,27.5500217546,25.7189229857
46.2269066511,49.1993750756,27.2580246034,25.9485932853
47.3055810437,48.4208572178,28.475713676,26.2025272283
46.5840194895,49.3339840976,27.8584134096,26.4645495708
46.5009716676,49.4743760778,26.4729893023,26.749037547
46.8927305892,49.2276463715,27.093396173,27.0217272711
46.8486061791,49.094280418,26.8630726899,27.2761880828
46.5970651186,49.3556033922,26.5240177812,27.5215935323
45.7035293611,49.7148366032,26.7617932467,27.7840680986
46.2087290756,49.7174166666,26.1898939106,28.0179088722
46.8829555529,49.2756187992,26.8985342844,28.294081404
48.0379146205,48.0902881079,28.2051704896,28.5683719507
47.2064745364,48.9601572674,27.3361880266,28.8328749928
47.3144241305,48.4774069701,28.2121470022,29.0700673235
46.9399900052,48.8775187306,27.5770585436,29.2999205032
46.175769934,49.2532002451,27.9130788685,29.5390772395
47.2309461278,48.6462264392,27.8884679462,29.8124732911
46.8448580054,48.8449685678,28.1237286689,30.0725638852
46.1413397946,49.7881911438,27.2447082807,30.3250941926
46.9938533352,48.7275928965,28.2961170948,30.5504664997
46.6167663747,49.5841280099,26.8375387477,30.8084984489
46.883671794,48.401070183,27.7081420351,31.0709577752
46.9140890969,48.3342627444,28.0077174357,31.3295924823
46.1336885625,49.4113470484,26.8151877619,31.606385811
47.3189161428,48.6620854277,27.8236424349,31.8794982119
46.9253178266,49.2080340936,27.1908380903,32.1387826408
46.6066997899,49.4001098136,27.4928062564,32.3647210053
46.465450908,49.3913788777,27.5977569223,32.638179572
46.32822635,49.549242433,27.3907164157,32.9119500924
46.3026025505,49.599236641,27.068609701,33.1732287848
46.0659107198,49.5367047499,27.3081666254,33.4225048846
46.7787022073,48.6556745371,27.8663083248,33.6730959791
46.1053094685,49.3258203788,28.4109536651,33.9213565968
34.9214793372,47.9320619029,24.3992765012,34.1738470936
19.3373335941,48.8687892355,26.4574370484,34.4374198733
15.2325888484,48.3140676806,26.6520601775,34.657767333
13.4413608677,48.4493132981,26.713604465,34.9072947373
12.6048051856,49.2879959009,25.9358592917,35.1526482464
12.7578022562,49.5240071847,26.3495805338,35.4285946662
11.7970060199,49.7489942157,26.4926104647,35.6816841885
10.6425545049,50.1368814552,25.917537252,35.9472462555
12.6219768234,49.4285646308,26.7988165624,36.2031638873
13.8832265328,49.1785597058,26.4107058215,36.4639290848
10.3905811518,50.0749299665,25.0580994057,36.7054725926
10.2181656023,49.9661945928,25.6477902671,36.9815120076
12.0587270094,49.9350753035,25.030031224,37.2605064285
10.7151549326,50.1748428647,25.4080869215,37.5107466918
9.00540673247,50.6949179591,24.7420219596,37.7360878969
10.9069907765,50.3888233381,24.4032364138,37.9850162757
12.1957053821,49.9518695069,24.6102750915,38.2453715482
10.2619480429,50.0031501727,25.543308057,38.503487784
12.0490769882,49.4162431348,26.2853232837,38.7523517816
11.0113533949,50.1112185899,25.3295166489,39.0165039926
11.0281440333,50.1405593896,25.1248979014,39.2526413417
8.87864388089,50.7403548703,24.640369287,39.4790708076
10.9444254717,50.0552754336,25.5001547561,39.7286174952
8.38981656351,50.6339649297,24.5053480487,40.0214638367
6.5759724861,50.8728316292,24.3246992269,40.2835157261
10.9810091096,49.7797103316,25.5464553791,40.5489487196
9.97285120908,50.4559913788,24.797966542,40.8152793182
8.5081050007,50.8405005096,24.3459481602,41.0586761972
8.56139385825,50.7421943726,24.7230888199,41.3161579511
10.2688484115,50.2809720028,25.5070372267,41.5665366186
10.3480325246,50.3569949432,25.1243955921,41.8391691149
10.1646470048,50.2306998408,25.4577698413,42.1005467119
10.3697653059,50.0112517718,25.4822971051,42.3655620047
10.5574812629,49.9800638464,26.2907914607,42.5872057979
13.7124649904,48.9885392573,27.2622249444,42.8329098271
8.77252870591,50.8600437438,24.2476634676,43.0866593349
9.36533138297,50.3142149052,26.1523296595,43.334774084
10.5586839173,49.9874485062,25.4666207171,43.5760432717
9.3252314832,50.3530934492,24.7475473406,43.80869688
8.38213284215,50.6642102461,25.1000298371,44.0581347104
9.08031686198,50.5863818251,25.0701492414,44.3345324211
10.9505597929,50.2925678724,24.84666387,44.5924449385
12.2914979766,49.9100332318,25.3552321699,44.8423804017
9.5533716559,50.5871195112,24.6068339242,45.1128945373
8.3155509665,50.5194266868,25.3776140711,45.3741197342
10.2239141875,50.1757152311,24.6884448619,45.6432451632
9.20494403396,50.9627068449,22.9777593767,45.9092068915
11.5813433108,50.5286291003,25.0982876965,46.1826806983
18.9868569941,61.7987441429,22.9973091672,46.4246580796
-11.5098928884,70.714643151,20.8506198686,46.681585284
-9.706329939,75.1637265722,22.666387413,46.8959549294
-10.0982473826,74.3313739783,22.8735614676,47.1699005543
-12.4880943771,73.5828040811,23.4902790676,47.4304651436
-7.73624401037,74.2271520024,22.462593193,47.6814428366
-10.7088462304,74.4671181635,22.124613333,47.9064643126
-6.22479561454,75.2302251746,21.7673744973,48.1524585239
-10.0343707601,74.77012895,22.0087634937,48.389701862
-7.20311093885,74.7534375248,21.6806884389,48.6475627499
-9.67791227308,74.0580680402,22.5627038206,48.8875623518
-7.4012622733,74.3526640302,22.4358103857,49.1741061737
-11.2006245519,74.475106874,22.5480385344,49.4375909346
-7.36140917803,75.1091719869,21.5889434781,49.6834358561
-6.53120013175,75.1513513279,21.9358081652,49.9159635011
-6.89964844593,75.1077507599,21.6984900185,50.2023586552
-7.27420262841,75.1360729002,22.0665911405,50.4790900908
-10.3123315737,74.6215582358,22.3528123878,50.7425561905
-8.12288149475,74.2223604006,22.3305390703,50.9765730018
-7.02939934,75.0793509682,21.6740837433,51.228494642
-9.87352272617,74.6623559852,22.1992014432,51.4992299132
-6.2826640148,75.0995182457,21.7761613662,51.7506707157
-9.75225099467,74.6231110186,22.3948065037,51.9975003281
-9.88295440871,74.7170649003,21.7743661167,52.2591121235
-10.0547784748,74.2320329768,22.9365141812,52.5244185316
-14.9809610879,73.0983232249,24.1235463403,52.7498934755
-7.58217771723,74.9159379938,22.1345549071,52.9922860692
-12.093623067,74.3941693193,22.6806072708,53.2440671282
-11.4050523215,74.3686705655,22.9966089005,53.5041508798
-13.0999527578,74.0875607902,23.0632009762,53.7534509281
-10.9487821654,74.6653425548,22.568692574,54.0153059415
-13.5530682721,73.5920936051,23.0306735849,54.293929626
-9.83618500662,74.0093001257,22.4157768372,54.5490980094
-10.3641888176,74.4919014054,22.5730080654,54.8108419885
-14.9800014025,73.723600601,23.6309312913,55.0624274156
-10.5779488094,74.6204351798,22.3957953999,55.323144716
-6.97878689483,75.0723418531,21.8465427248,55.5844268296
-7.18590378952,75.0664397061,22.1493328531,55.8475364998
-7.06347032665,75.2120410683,21.6543674533,56.085599999
-7.01335312544,74.3997801693,22.1557986298,56.3444362473
-13.8910541433,74.1824989099,22.6243991663,56.59340848
-4.37181352006,77.2254085753,20.2327328003,56.8423297054
14.5841868058,81.4894632757,15.0676203622,57.0799935432
18.0510706181,84.9948143688,11.0661323029,57.3533584928
24.8730619193,86.1769379912,9.35304466741,57.6038478836
24.5626156374,84.9814778365,8.81772042588,57.8424416728
23.6867401747,85.2426270035,9.81309135166,58.0725290509
22.4591382158,86.3524533068,8.98130526026,58.3484260185
23.1221339243,86.0251823273,9.14663213743,58.6334557925
21.0563611459,86.5975879382,8.9966426488,58.907850842
20.867038145,86.5282365415,9.01368803443,59.1809411605
24.8322896585,85.5922317333,10.278366547,59.4353960629
25.1092311659,85.2645113848,9.82159096666,59.6795406351
23.5759132861,85.6541220923,10.0167065482,59.9286394532
25.1990874083,85.0121905954,10.0966467041,60.1873366754
26.9950469118,84.4099335834,11.1121809629,60.4520020702
24.9113033905,85.6180058048,9.97260093141,60.7264039622
22.6993538678,86.3915217518,8.87855557519,60.9607196641
22.9373450301,86.5423964872,9.63382857223,61.2025611295
23.6793031447,86.1639342299,9.43258115852,61.4475507446
27.6805629194,84.5828221484,11.1089952584,61.7098632692
25.928256131,84.5489265859,10.5795528291,61.9415452494
25.247940918,85.532692109,10.0790606119,62.2074074512
25.8646054832,85.391938356,10.5410631941,62.4698789073
25.5947816323,85.5034871762,10.2139733357,62.7201533829
21.8512646856,86.4523673401,8.80688058326,62.9618147674
21.6318607893,86.707812241,8.60165429894,63.2375643113
23.0553301717,85.7281335295,9.92836550683,63.5142767747
21.583212468,85.7779914521,9.44480757064,63.7759268256
20.9859006081,86.0018245295,9.10901975518,64.0245827504
23.4657224525,85.9813335842,9.34028313639,64.3009907247
24.3145376119,85.728134567,9.5387862597,64.5639411524
24.2232063037,85.5155004205,9.86897249163,64.8065505275
21.8355197139,86.3237183703,9.86480853034,65.0462851399
24.6267201971,85.2647884063,10.1966561192,65.2954082175
22.744529159,85.3709951939,10.0373535138,65.5440293081
23.6684451083,85.3001598586,10.0141322675,65.792442948
22.6771585314,86.0380588171,9.13340254023,66.054717217
19.6232152774,86.6595061651,8.63763407026,66.2953180216
22.1127039727,86.3734317026,8.29398292887,66.5399782659
21.8421726097,86.4189393448,8.8195764316,66.7880883497
21.9205225842,85.8982586833,9.00495951542,67.0499977918
23.4547938632,85.6498842743,9.51111494461,67.3120596338
22.2527066084,85.674598258,8.97910615339,67.5985804402
21.1174393682,86.58567514,8.50191996317,67.8480412861
20.1182526067,86.9867262504,8.65999057168,68.094424273
21.1920816924,86.6401317279,8.69226193786,68.3424945463
25.5827560012,85.3754122974,10.5544899374,68.5918185432
19.8290285643,87.0092882075,8.7857564386,68.8688454483
21.8953193514,86.2602354783,8.98127770491,69.1293369478
24.925935707,84.9675567087,9.62371178557,69.4054152404
23.8357371245,85.4982651774,9.3534947979,69.6439670418
23.4656362152,86.3573970386,8.64717489928,69.8758210164
23.31769201,86.244109627,9.09286711685,70.0991381
23.9854997394,85.9812275182,9.54457137243,70.3605004569
21.322685134,86.6658195432,9.07352343924,70.6238306406
22.2266463979,85.9061232977,9.73534837082,70.8854309283
22.8573741385,85.4432193729,10.0057528509,71.1354705834
23.8773979078,85.9782494623,9.74456317444,71.4069946026
22.4335145419,85.8357145085,9.12422370913,71.668940434
25.2170475492,85.152117912,9.62136242237,71.9397164488
21.0290597468,86.2948079789,8.64491320579,72.1928367621
22.5390965809,86.3945620221,9.21770943726,72.4654051882
23.4505121329,85.9068986091,9.39301813624,72.7404549359
23.4552972858,85.9072683714,9.07360378308,72.9760803453
24.1736965446,85.0309416854,9.92749781776,73.2124189247
23.2600559824,86.126675189,9.58666632783,73.4863894313
22.1566556231,86.1529375591,8.94532015032,73.7479324911
19.8598307429,86.6687782976,8.49704259701,73.9925659877
20.7908038803,86.7488929972,8.7016725877,74.2319721624
24.7547649111,85.9533890486,10.1422912391,74.4844607931
22.6590689357,85.5508249761,9.06204955164,74.717926787
27.3397906914,82.6701584307,12.3562001944,74.9629254216
19.3959198694,78.4296312113,15.1591229786,75.2427875898
5.76802443172,83.7095409205,14.9088928836,75.51779846
23.62536028,86.5656592976,8.5212439068,75.7906527139
21.2393379544,87.0444793884,8.5796752864,76.0268311177
22.9702328747,86.2790616642,8.08219094363,76.2770785345
23.0540250898,86.143865483,8.6463115387,76.5475037183
26.1160885532,85.1911313998,10.744911515,76.8099378519
24.0306786524,85.5190603875,9.28593307944,77.0571242048
24.2609154311,85.9002543956,9.28570586843,77.3064861462
22.2511327777,86.8462634652,8.37749389327,77.5707941784
22.4390941101,86.5373486267,8.82285172465,77.8205274784
23.5969276646,86.344473019,8.84321566402,78.05139614
22.3502262905,86.5220723785,9.08283601246,78.2875048752
25.7944352329,84.614590562,10.208562255,78.5396731548
24.6638171243,85.9322715225,9.60013851159,78.7883791539
20.0298540779,87.5153409543,7.57503953485,79.0247535007
24.2486258358,85.967622721,9.92369106772,79.2891775436
25.5456290744,85.680167197,9.42882797066,79.5754097229
24.5527137877,86.1027318631,9.7491172928,79.832878725
25.1664405088,85.7937398103,9.74432901242,80.0945054494
24.1806722747,85.8286250311,9.84691926916,80.3294898455
25.0287142366,85.6519154998,9.87183210534,80.6045116014
24.6212570581,86.4877746752,8.76143974411,80.8933184085
25.7754365115,85.8051567235,10.1157312911,81.1443054321
22.8206095576,86.7576410147,8.6931746434,81.3762710631
20.1190261643,87.4282121424,8.02305636289,81.625413424
22.9024927811,86.5933002785,8.74707650457,81.8873611216
19.950737655,87.3506687656,8.1359451345,82.1463849153
22.8073657719,86.3221547311,9.12646703255,82.4113765706
23.6696386517,86.351916139,9.50201755249,82.6613835685
24.514217866,85.8872098291,9.67197611659,82.9065035012
22.6801220919,86.948180473,8.61490391865,83.1312730505
22.8532269454,86.167372559,8.91482001341,83.3678778635
23.434562177,86.3581322041,9.03912670561,83.6529860147
21.5214138116,87.0532301554,8.33373237445,83.9365101383
25.4830906431,85.2420189339,10.5366417134,84.2053711999
25.5588804275,85.0014770087,10.430401949,84.4379713127
25.6361788344,85.6802978536,9.85068845479,84.698853143
25.9864908459,85.4801581348,10.1415502484,84.9570266066
24.6924114453,85.5684256511,10.0389595357,85.2210540983
21.0421498259,87.0105147813,7.6552226197,85.484338251
23.5092752404,86.3240261689,9.11344444506,85.7449174583
25.1353573012,85.8166843145,9.14825897036,85.980654524
24.1534520366,85.6665316011,9.42080593231,86.2164761873
21.3938476224,86.6558110628,8.38842154517,86.4514792447
23.523964688,86.1622892281,9.2123567517,86.7279037031
21.3615389257,89.3872802923,7.63100708826,86.9727745083
36.7907565871,96.088786166,15.8975378052,87.2350711708
54.3338593245,102.09706603,26.0893697086,87.4580517302
57.7185832384,109.840801081,27.7458403542,87.7020348828
59.250307891,113.506808778,28.4718227733,87.9701986364
59.944415603,114.409520593,27.8954081681,88.248067163
59.6159150799,113.873570428,28.0355071294,88.5087676683
59.5867826087,113.869404607,28.1072573252,88.7809165277
59.5645987542,113.667557635,27.9165049889,89.0333081199
59.5609767554,113.838589013,28.1395195849,89.2715955539
59.6491965324,113.861778189,27.9476464914,89.5271897244
59.5876728761,113.679953851,27.8838176303,89.7907314021
59.5129366033,113.831465938,28.2441090886,90.0646838694
59.639997813,113.768022988,27.8635342389,90.3132272048
59.5944606035,113.728811308,27.9260116657,90.5761583493
59.6406043347,114.043609626,28.1912027465,90.814669718
59.5941870384,113.770096685,27.9686304162,91.0718295657
59.6444816192,113.684014349,27.7641782433,91.3089335666
59.525107395,113.813581068,28.1922510548,91.5551663307
59.6323731893,114.004791042,28.1640857404,91.8065063625
59.6244280559,113.724655504,27.8559260509,92.0685853107
59.6196119589,113.874946052,28.0357546649,92.3327303682
59.7340379492,113.943545842,27.86006665,92.5897039147
59.6446010157,113.981836175,28.1091242182,92.8520260809
59.5769235716,114.00428085,28.2841965536,93.1128929822
59.649191694,113.926109613,28.030210658,93.3616160875
59.6645518034,113.874992324,27.9330761344,93.6088764633
59.5151103999,113.908776449,28.3251133014,93.8851177306
59.6201191556,113.826570644,27.9768927079,94.1382781656
59.7228503524,113.803847643,27.7140479529,94.3825418587
59.5899675804,113.904957163,28.1479960434,94.6314829894
59.7513364604,113.815387284,27.6502639227,94.8937211801
59.6178265093,113.814130681,27.9792888421,95.1377497417
59.6219965691,113.87201829,28.0208396708,95.403666372
59.5877779672,113.576630376,27.7569107515,95.6546356675
59.6885133919,113.76757552,27.7581695029,95.901452528
59.6162672612,113.714150863,27.8524373048,96.1242511404
59.6256348012,113.884210754,28.041344957,96.3875875445
59.4978220345,113.790457752,28.2172278118,96.6602265722
59.5680310875,113.881975675,28.162234638,96.9460917473
59.6189427069,113.61631492,27.7340895249,97.2112821447
59.6592955959,113.881183375,27.9543911376,97.4573419814
59.6037121846,113.845855756,28.0312919622,97.7053149052
59.4948685624,113.657150084,28.0734597481,97.9646319912
59.7825580491,113.824693505,27.6085984818,98.2425509032
59.5080434549,113.785215835,28.20298083,98.4881208825
59.617111968,113.786439293,27.9350870761,98.7513101739
59.4938285533,113.790167227,28.2376002097,98.9879084555
59.5375823264,113.623037626,27.927829092,99.2371407013
59.5796236603,113.793536161,28.0452737327,99.4745774942
59.623695602,114.04754413,28.2225917374,99.7356723735
59.5001682166,113.916334204,28.3550259962,99.9798623548
59.4991183843,113.778957442,28.2021498307,100.244232591
59.5865190602,113.878882281,28.1290087333,100.469955107
59.5567175375,113.696876969,27.9764460055,100.698195335
59.5191944423,113.731849962,28.1026692565,100.939911459
59.6115773178,113.875833457,28.0553199795,101.216229859
59.6164450121,113.874075139,28.0367870238,101.478012405
59.6613847645,113.813987154,27.8683250732,101.752153973
59.6400730967,113.96989228,28.1093717267,102.027573835
59.6334693387,113.904648162,28.0446643612,102.263992035
59.5787221948,113.955591541,28.2251718659,102.522748662
59.4490009179,113.917390005,28.4809572362,102.784560444
59.6177230369,113.768802091,27.9135767013,103.057791655
59.6442082228,113.791357913,27.8850102747,103.306823292
59.6109530409,114.01102289,28.2178899287,103.556056471
59.7110577149,113.947999897,27.9059066163,103.795654546
62.6982398269,118.815822118,26.4902176243,104.055334904
67.7736986702,126.467586119,23.0629073012,104.309089388
72.0386044999,129.986163569,16.066464119,104.560635626
95.7026916389,125.289099719,30.2225120216,104.804921713
73.1380152351,129.530959685,10.9987179533,105.067212466
73.1573165801,129.509788118,10.8573911731,105.315468419
71.0112205755,128.60370364,17.1020504428,105.577133399
67.8245060329,125.741059626,22.0577630101,105.837641071
68.2111815465,124.983133678,20.03769078,106.096258672
68.2116574632,124.975426071,20.0291859864,106.354300263
68.8541374032,125.92902534,19.5396931601,106.607687121
68.9734585799,125.655502522,18.7850240232,106.882124158
68.8358333698,125.738500981,19.3207643269,107.12838056
68.8960955137,125.796414366,19.2394847661,107.390101834
68.9587573219,125.727032999,18.9327937453,107.627286079
69.0385383469,125.63878017,18.5764185858,107.888189058
69.0138059681,125.652676946,18.6878926356,108.13738336
69.1192414619,125.579710744,18.241406077,108.412763411
68.9290249318,125.692812152,18.9755626587,108.651147261
68.9409806005,125.733730766,19.0210093057,108.895540961
68.862491761,125.920080113,19.4882518022,109.144569177
69.0113295942,125.654097306,18.6842832137,109.40720703
68.9261431832,125.806000232,19.1391430482,109.66888445
68.9269636894,125.78398591,19.1199587969,109.938651826
68.983308384,125.79065561,18.9706670431,110.218617875
68.994018888,125.69390683,18.7902103911,110.464720321
68.9361746202,125.729891329,19.0245041232,110.713828159
68.9235486194,125.731716978,19.0627498394,110.959102357
68.9015188219,125.885285893,19.3478883393,111.248103241
68.9767933005,125.723724139,18.8838825074,111.510829423
68.9565200202,125.867003566,19.1525571611,111.772900285
68.9188581489,125.869273172,19.2735107416,112.025204169
69.0118204645,125.831438576,18.9373090071,112.270592513
68.9174620162,125.767358125,19.1293018206,112.493596399
69.027004002,125.785179131,18.8163581525,112.740339547
68.9557717802,125.776722972,19.0383148914,112.986584441
68.8480781768,125.899075446,19.5202467016,113.254715227
68.9505945922,125.816784155,19.0903526888,113.504490514
68.8256910956,125.880160811,19.5306892657,113.754545409
68.8397837939,125.988126988,19.6493741531,113.997436569
69.0207156937,125.718690059,18.7483379802,114.274635157
68.9136383542,125.772648487,19.126085068,114.535902031
68.790414801,125.890208743,19.662625336,114.7991697
68.8380061093,125.802050334,19.4010689404,115.059286419
68.8239143939,125.814286573,19.4693430101,115.323927244
68.8493292376,125.825925704,19.3959096069,115.573331173
68.9128902303,125.731179883,19.0820237354,115.818863208
69.110159461,125.567925255,18.2652075744,116.077227949
69.0076590634,125.656947981,18.6969731508,116.328850698
69.0655447354,125.571358217,18.3822116932,116.59108018
69.0172473514,125.601123597,18.602315876,116.824293626
72.0120339578,128.717788259,13.9649940012,117.09324084
102.388846898,125.919958325,30.1100866153,117.369061919
104.25117086,125.95203987,29.3116228382,117.59665118
101.502619154,125.957126093,29.5980817338,117.846336894
102.586407192,125.922341058,29.4251151378,118.094384151
102.198248319,125.859494447,29.1058217531,118.368405665
102.488054083,125.697559919,28.6410951956,118.628329552
102.429566356,125.650547256,28.5140478234,118.893486671
102.458528392,125.864103281,29.2051036333,119.151032495
102.036460563,125.936783675,29.4171913283,119.426540998
103.119429029,125.973622346,29.2613752524,119.67547031
102.443902302,125.755414057,28.8432783064,119.924863664
102.218439253,125.752913433,28.7380984334,120.173413842
102.500872513,126.2217915,30.3204405937,120.450808062
103.133349108,125.921409504,29.0855113982,120.686379665
102.638370684,125.882702564,29.1327553942,120.920383725
102.706905798,126.088110026,29.8043452361,121.156912649
103.54523391,126.002701572,29.4191950623,121.40596979
102.846373506,126.122337969,29.9110767546,121.641057756
103.483807531,125.769439184,28.7413836951,121.904386696
102.773868332,125.974590962,29.2731728125,122.155924536
102.813331307,125.895051484,29.2672057397,122.419018345
103.115860733,125.80926916,29.0304120438,122.675501412
101.797965501,125.868405315,29.2511032223,122.92476476
102.151097153,126.086423506,29.9232094802,123.198961378
102.163347829,125.89112943,29.2709610422,123.472962365
102.463665946,125.921344763,29.2930002014,123.734803382
102.617346851,126.179568004,30.1394253757,123.982630126
103.034080449,126.0021306,29.5898914207,124.223958408
102.489113616,126.050502542,29.8462587599,124.469438813
102.981184839,125.855076819,29.1085953279,124.74111461
102.665049077,125.720380386,28.5378318368,124.988212011
103.143052012,125.781530985,28.6514194791,125.253889778
102.706505985,125.739147093,28.5534339855,125.501485123
102.750801105,125.967754536,29.4259289397,125.754501244
102.748675966,125.885758778,29.1105392076,125.963215604
102.128006957,126.019042321,29.7738062508,126.221620156
101.512276825,126.15235208,30.0965638576,126.473010884
102.628862442,125.799529685,28.9219239406,126.747313249
102.696145976,125.673501048,28.4495712073,126.992305663
102.446217517,125.946876984,29.4430993065,127.268699331
102.551839715,126.097209422,30.0232643126,127.533927673
101.754552951,126.1087014,30.1215300207,127.791941272
102.092736587,125.85169778,29.4242608882,128.040696412
103.360537423,125.79715142,28.8401708265,128.303908719
102.795230747,125.952523581,29.5752449161,128.565405126
102.439514238,126.111624571,30.0692764491,128.813809435
102.017994355,125.742584805,28.983817714,129.051392408
102.287680726,125.649835514,28.5551579007,129.314765201
102.851705753,125.769086062,28.948653342,129.578315588
102.706241926,125.800873169,29.1038599503,129.809455459
102.927207452,125.673110416,28.466909991,130.058919415
102.610476349,125.969990116,29.3418472606,130.296872191
102.570205601,126.037548776,29.6636315357,130.544469402
101.447216539,130.021329494,42.2618256873,130.831576793
104.509298327,128.342986671,46.6450475206,131.059885445
105.231848323,127.568551355,47.944111628,131.308377151
104.658610711,127.264264065,47.6575707669,131.579490001
104.974522942,127.390815068,47.8519147801,131.84041724
105.158977155,127.486938794,47.9428932675,132.100851512
105.184760356,127.515212096,47.9437067916,132.37724549
104.928713065,127.414978456,47.7885844594,132.641359757
104.816281011,127.357597811,47.7288831512,132.890760265
104.550474002,127.20610652,47.6058172151,133.125306122
104.520455561,127.125807835,47.6431689627,133.36986995
104.728266877,127.269653246,47.7189912712,133.632989884
104.550267952,127.199522713,47.6099590846,133.896926557
104.694230685,127.226350498,47.7221913443,134.144918143
104.831302541,127.36134869,47.7443905068,134.39438552
105.189601683,127.472911489,47.9821990674,134.633620944
105.008459005,127.454440187,47.8338072009,134.866829724
105.471514642,127.630470223,48.1193044157,135.0906687
105.094076113,127.401748349,47.9505719279,135.364821465
105.21479579,127.491311065,47.9932422621,135.637942574
106.255776412,125.424043492,50.5466870117,135.915818566
108.004375283,119.572559061,56.3136784484,136.181693208
108.066558543,115.363411976,59.2451870112,136.431689942
109.535095374,113.924534287,61.2995410109,136.673236249
107.957271841,112.253207058,61.2100449592,136.942910318
107.940517671,112.19114293,61.2365711988,137.194310688
108.021288966,112.32470072,61.210576356,137.455692951
108.092871174,112.625361712,61.069614796,137.71715048
108.137844946,112.712385659,61.0463355154,137.951818257
108.143170363,112.562822377,61.1481809755,138.194486726
108.008999287,112.492835217,61.0930455444,138.439903994
108.108716499,112.802069797,60.9669419547,138.701007582
108.278560907,112.710114913,61.1538049982,138.949276286
108.015481974,112.763151904,60.9220749178,139.212363563
107.780196105,112.496082337,60.9188629642,139.473658429
108.078420515,112.384339366,61.215023578,139.749400819
108.294304919,110.216572681,62.7622020873,140.008119191
106.929886617,106.182568942,64.2810664897,140.266503526
105.856976174,100.244637736,67.0672884862,140.523420778
117.386004866,91.8937447059,54.258874082,140.792151833
116.391871875,89.4104880403,55.2677301291,141.042113733
115.056510454,87.9669037251,56.6742738849,141.315980358
116.308173734,87.9827777451,54.9921701671,141.590020534
117.398440017,88.1714880166,54.1773040546,141.838699474
115.297795745,88.0602401645,56.3790522347,142.085242947
116.329933325,87.7206832761,55.861661499,142.323702998
117.46422274,88.0899377684,54.02970336,142.570574598
117.272128882,88.3216995636,54.1107570495,142.833851597
116.913771131,88.4128980606,54.2358696456,143.095144908
119.073739918,87.9872506635,52.7064904051,143.348093227
118.030044821,87.8601035825,53.9274970591,143.603566721
116.739327251,87.3608517908,55.2558165702,143.867679743
126.374711761,79.9026210806,46.9834314096,144.13092533
125.084809104,72.6106398992,47.2992646974,144.379041945
125.504927595,70.8287935344,47.4381089504,144.663704715
125.518605877,69.8156871332,47.8418389815,144.927168326
124.014044788,69.9573305897,48.5334572575,145.174468824
124.774746008,70.3157425815,47.8095718371,145.398221958
124.810589919,70.3619001918,48.1350840373,145.658839421
125.105428007,70.7864259162,47.1391246721,145.904760853
124.841047848,69.8042952708,47.5391858268,146.16826583
125.989714756,71.0322603573,46.3577884899,146.419764172
125.135222034,70.2981799147,47.5750724923,146.693423036
129.407182577,66.8920403805,46.8903243715,146.934806368
129.990469957,64.2451960732,46.6641310154,147.154145188
131.145132096,63.2213908795,44.8545232102,147.38650426
129.993365892,61.792180431,47.8127181325,147.665095598
129.999674705,62.4001470431,46.3423661355,147.93848543
130.878776163,62.4400711169,45.7157428445,148.200042485
131.136958475,62.6307225752,45.9584699873,148.450769807
130.488942825,62.5211510967,45.6698937139,148.697247966
131.297216368,62.5826220017,44.6082208833,148.956553855
130.432384456,61.732745138,47.7104745368,149.209024758
131.436240126,63.6574721868,44.4975687234,149.458145658
131.048281732,63.1796140489,45.5947039714,149.718798889
131.380626576,63.2682046743,44.6597140021,149.977129106
130.287608081,62.2720463981,46.2128655506,150.229528163
130.273804852,62.5471028441,45.1716654741,150.482320661
131.150053889,64.2615148816,44.3382844274,150.72508679
130.756252545,63.2126210975,44.7202332098,150.985370839
129.71104104,61.5368702683,46.9347935276,151.226096052
130.871770793,62.849415451,45.5909634812,151.46173328
129.76559596,62.4897709165,45.8748663807,151.724122938
129.524057392,61.9455095921,47.4314881315,151.984638697
130.446282072,61.6027081123,47.0666654298,152.238300497
130.718971458,63.5671341263,44.9374934336,152.484149151
130.656653409,63.0638803008,45.8231492017,152.756106732
130.267010561,62.6049934034,46.1485498548,153.014341156
130.595796642,62.8723820207,45.0551770865,153.292287749
130.196717644,61.9371321099,46.6084394497,153.568593708
130.975360818,62.0816325272,46.0277943258,153.829320339
130.063140504,62.3033374536,45.9740641557,154.076153995
131.50666683,63.577585174,44.9735528075,154.313718617
129.142720631,60.9525306601,47.8733225385,154.563531849
130.414114309,62.2436235919,46.4294920784,154.848707181
131.046585714,63.1853600486,45.426047186,155.108297965
129.610421808,61.0613189934,47.9296592091,155.350109573
134.270683739,63.555670029,42.1258920187,155.583964031
134.640216012,60.4002934318,46.7735253849,155.832413438
137.882658614,55.5289345654,49.2690124675,156.06986827
144.020334543,43.0519569827,63.0002679059,156.323196656
148.661246917,42.7462091904,61.934977801,156.596245298
149.116716981,42.4780993237,61.6217058721,156.881617506
149.189644017,42.85947117,61.9383969394,157.130873078
148.892755755,42.6905042077,61.8459822827,157.363897734
148.970365459,42.4069958212,61.5870565279,157.649904112
148.983722421,42.4602337485,61.6305756595,157.923225208
149.094408157,42.6862879575,61.8060346082,158.186635635
148.95458651,42.6100081873,61.765858307,158.432937135
148.435033816,42.595898831,61.8460285452,158.687308061
148.762524477,42.4911507043,61.6971064676,158.928775369
149.005368294,42.7482187634,61.8748151453,159.191596723
148.701744309,42.4454620631,61.6678796367,159.429798938
148.769327323,42.5810019282,61.7732098974,159.703360452
149.222811264,42.6107604855,61.7172894158,159.950037354
148.487857355,42.6348421508,61.8695416025,160.20577366
148.963567499,42.7134987577,61.8526752242,160.428156127
148.772916729,42.5862229105,61.7774877983,160.675294894
148.991740958,42.64526776,61.7883883038,160.937812692
149.009273052,42.6943017261,61.8286239461,161.207344003
149.141856301,42.7393173227,61.8426039413,161.467749972
148.603930208,42.3955469026,61.642507302,161.747694871
148.908833483,42.6104522293,61.773153613,162.019652453
149.010652552,42.6377421988,61.7790082063,162.27235942
149.038996085,42.75219144,61.8725897229,162.505198086
148.804148537,42.6161193622,61.7977847564,162.768813475
149.100908719,42.6898862428,61.8075275821,163.024578085
149.097930011,42.6569699698,61.7804813338,163.276274547
148.733053524,42.4975981433,61.7078932181,163.550529637
148.59701684,42.5690302004,61.793918434,163.800244276
148.515048161,42.4222467323,61.681098394,164.045087089
149.191647086,42.6906368935,61.7919412805,164.269131338
148.72367181,42.6305785864,61.8244606274,164.506159139
148.963012442,42.6588346101,61.8053375863,164.759506187
148.987528422,42.6882244873,61.8269630023,165.040581646
149.06219528,42.7309648474,61.8504302377,165.320244761
148.769028286,42.6334102409,61.8180264886,165.581497016
149.000357767,42.4652093452,61.6320555991,165.84145045
148.774057284,42.6067144989,61.7942974583,166.085602798
148.620193573,42.4989437193,61.728109611,166.352583741
149.371931332,42.6927724397,61.7620784348,166.62653061
148.707312332,42.5181647512,61.7308439922,166.914254443
148.914700047,42.5171566135,61.6920280592,167.151701189
149.095316709,42.6445840668,61.7692729943,167.392570093
148.777106546,42.6732922265,61.8509983673,167.640378176
148.955857723,42.7490704121,61.8848297991,167.905408087
148.886625541,42.5727477387,61.7448915954,168.157189768
148.940158321,42.6300794611,61.7852174349,168.415338039
149.241062622,42.8863177783,61.9516518836,168.657516962
149.426514874,42.8222443541,61.8634958504,168.895224653
149.403014431,42.8844408239,61.9216658775,169.127237248
149.364371562,42.7511428677,61.8140282295,169.387699201
148.84980577,42.7439592307,61.8998237278,169.664121793
148.835116779,42.6158257373,61.7909459118,169.934519296
149.149326832,42.839614833,61.9278769522,170.20052861
149.292464479,42.8811797971,61.9381866641,170.436977291
149.452848665,42.7368090487,61.7850766735,170.680680214
149.163009605,42.8743195601,61.9555376684,170.957502157
149.14269971,42.8404705745,61.9303123819,171.229389137
148.874635805,42.7968288952,61.9410149294,171.480618446
149.134287304,42.6854825265,61.7988854657,171.753891333
148.971073508,42.7070657645,61.8465499351,171.988238759
148.951776689,42.8377163175,61.9617748877,172.252473702
148.85175478,42.7625359711,61.9150281174,172.487372567
149.08117718,42.8550960128,61.9535267233,172.751728808
149.190434363,42.8955231705,61.9693358147,172.994210664
148.880905635,42.7445576153,61.8952402787,173.245625652
148.913465297,42.6032356567,61.7667074202,173.471422813
148.988093506,42.916618558,62.0230424739,173.749878858
148.86880825,42.7733533742,61.9212244487,174.002460794
149.071623976,42.646863815,61.7764174704,174.269697707
149.240979872,42.7926660807,61.8719016778,174.530741579
148.889688652,42.6447471118,61.8072047626,174.799255541
148.890339451,42.7554786801,61.9021846454,175.076429559
148.888395598,42.8372643877,61.9734032632,175.339337377
148.777913887,42.5920905082,61.7817159635,175.591798327
148.751338283,42.5945177415,61.7886105162,175.836209755
148.945819263,42.623427578,61.7784245157,176.086717496
149.092574344,42.8264375699,61.9277017106,176.323851355
148.859665448,42.7354181139,61.8902775282,176.595220175
148.827632334,42.5720844642,61.7554258801,176.872205714
149.013014753,42.7030855703,61.8346165051,177.12128556
148.836043946,42.6343565718,61.8074099727,177.34466858
148.662251731,42.6416006944,61.8447437454,177.590664035
148.729550926,42.4102458672,61.6318130149,177.827319233
148.725473416,42.7657675726,61.9402153704,178.091699733
150.978306883,41.3947078462,60.3322646018,178.356592484
158.541744033,36.2855880962,54.0643817323,178.64594762
177.895141546,33.2698705328,46.6687371074,178.910839438
170.905858427,30.0692910776,44.6618269938,179.154592436
171.179031062,30.1969662451,44.7444570152,179.39826519
171.626380464,30.4860538171,44.9698546404,179.672447501
170.505301037,30.1776937427,44.8822660051,179.949030891
171.549224038,31.0948959244,45.678378345,180.20416444
171.698111109,30.6272124435,45.1127877169,180.449359018
171.001117072,30.0116937167,44.5734408554,180.681888218
172.141627734,30.5916869891,44.9669931558,180.952028507
171.681333807,30.6020828696,45.0898448684,181.202869973
171.496243138,30.4960136203,45.0105667461,181.464323148
171.888425,30.68834953,45.1378454159,181.71544391
171.693289188,30.5963693479,45.0792639952,181.960445033
171.044432191,30.2537051973,44.8415322098,182.196684086
171.324369637,30.4116174866,44.956776391,182.448145727
171.979598758,30.7474213538,45.1841179043,182.682724863
171.388943574,30.4470816357,44.979292935,182.959268131
171.616755636,30.5674995993,45.0654446084,183.230919358
171.972426061,30.7579571292,45.1975293699,183.49358458
171.596206487,30.5292477579,45.0258467885,183.752927481
171.317985922,30.4388287903,44.9889161689,184.012667244
171.719255268,30.5760281899,45.0493150941,184.277828094
171.563444611,30.5325865608,45.0366055106,184.529913953
171.488372628,30.4712483296,44.9841875522,184.77649506
171.600481691,30.5521251636,45.0520280365,185.034580816
171.260369128,30.3734480974,44.9282834633,185.321229763
171.20546197,30.3402292185,44.9035092914,185.563154582
171.333707777,30.369777649,44.905712625,185.80920291
171.062372039,30.2176456903,44.7957463009,186.058682729
170.926645701,30.1460321259,44.7470292877,186.307797409
170.462400167,29.9037603317,44.5770280077,186.529589559
171.554014059,30.4778985845,44.9769025566,186.808959692
171.117974909,30.2622007747,44.8336509887,187.055334904
171.081016223,30.2082950697,44.7814248657,187.291183626
171.547357573,30.499281781,45.0023928376,187.53939728
171.983071642,30.7008524378,45.1297826313,187.799943208
171.203194815,30.2833896449,44.8364444907,188.07100505
171.203021062,30.2749295403,44.8285455744,188.350265394
171.288354347,30.3327161095,44.8744934733,188.61207251
171.52138591,30.4818008561,44.9906221203,188.861899427
171.101183802,30.2494172372,44.8228444152,189.106494046
171.304730107,30.3587802176,44.9013958134,189.356845033
171.717924607,30.6052894492,45.0830764044,189.619606671
171.070902768,30.2701399478,44.8550866841,189.883489849
171.753264179,30.6119027901,45.083271491,190.153302945
171.063160938,30.285462925,44.8741186712,190.395733794
171.160991726,30.2948781956,44.8608395928,190.624277577
171.464198943,30.4807350007,45.0029263712,190.853462996
171.237758834,30.3778429809,44.9377897832,191.123769681
171.718958567,30.6244999499,45.1058849927,191.370794614
171.408085978,30.4547005376,44.9850911462,191.62395225
171.159746846,30.257375753,44.8177930538,191.857203639
171.421233972,30.4690754154,44.9981693872,192.13765768
171.687958867,30.5785686363,45.0585865495,192.396395645
171.454210921,30.4887014554,45.0143059642,192.669648939
171.321959675,30.3940668749,44.9376504292,192.930837746
171.755831982,30.647445873,45.1222446154,193.205622193
171.165349363,30.2963243593,44.8620545574,193.473755156
171.931293095,30.7675600863,45.2191025962,193.716071239
171.409440927,30.4240610475,44.9482758361,193.975787364
171.414488892,30.4484839348,44.9778655228,194.238637954
171.672911873,30.5988555789,45.0870701525,194.498949373
172.158548994,30.8403681472,45.2492759274,194.749104416
172.02020601,30.7563706263,45.1859417576,194.993081349
171.449103824,30.4582124372,44.9799017672,195.256357104
171.569053359,30.5339431194,45.0388699491,195.510474238
171.203183217,30.3167567458,44.8758418178,195.757539604
171.505278608,30.4779856684,44.9887169138,195.988977433
171.593003739,30.5809767857,45.0840841238,196.242431471
171.555566575,30.509468003,45.0127935415,196.491157687
171.270160762,30.3767087531,44.9278184456,196.752902599
170.719760208,30.0398406786,44.6726537602,197.023881088
171.008041822,30.2286368754,44.8201779833,197.289830687
171.15315739,30.2908567374,44.8592616531,197.549922836
171.915104107,30.6992487119,45.1444030798,197.799827819
171.759258885,30.6571552838,45.1329268845,198.047799499
171.227219948,30.3589956135,44.9187813675,198.310516972
171.759529673,30.6656368965,45.1421218732,198.580301454
171.306534857,30.4024870964,44.9501003259,198.847962909
171.650074091,30.5997181409,45.0943199996,199.071186997
171.244482999,30.3871488494,44.946766693,199.327398544
171.371010044,30.4441120662,44.9826013485,199.566872521
171.209185477,30.3591704709,44.9218878808,199.840640553
171.362973463,30.4433334524,44.9823344272,200.087307813
170.92339749,30.1987576414,44.8072294776,200.351519429
171.452094814,30.4722411658,44.9949264127,200.588338535
171.148012192,30.3060525804,44.8757731183,200.83332815
171.193103447,30.1010109246,44.6305464203,201.074506208
170.795776038,29.7283399741,44.296562255,201.346683993
169.209341361,30.1588570262,45.1685713949,201.637904319
154.476105046,30.3531962307,48.8116817304,201.909639521
141.300401337,29.2724073417,50.3489647414,202.163818859
139.555789131,27.2515656486,48.5041962606,202.409990041
141.563649137,29.617985248,50.6652890357,202.657073446
140.639101338,28.1439102909,49.2678267612,202.916472953
140.734191602,28.351292966,49.4707480315,203.163578751
140.6319252,28.1811553779,49.3097377361,203.425796104
140.459543403,28.1076031404,49.2619360715,203.699048775
140.728148287,28.4875990114,49.621581659,203.935213183
140.149177241,27.5756786613,48.7448960501,204.16321859
139.949514185,27.3700278628,48.5586617396,204.423701692
140.291173253,27.9248523435,49.0964325741,204.681054994
140.245742389,27.8778180423,49.0544153721,204.943172509
139.530246952,27.1607948542,48.4092802707,205.208975928
139.814496431,27.3256198685,48.5372773446,205.469712511
140.216065064,27.6204412205,48.781808951,205.746227788
140.14011395,27.6655656289,48.8454910104,205.998546912
140.207444087,27.7746278054,48.9493402688,206.248452517
140.187357035,27.5945034742,48.7579162311,206.513367662
140.14539124,27.8142039636,49.0057484859,206.773420933
140.688234992,28.2351475077,49.3566028483,207.038195496
140.473495372,27.8894956353,49.0256301978,207.288243238
140.538947905,28.0349074639,49.169118987,207.553165536
140.187663832,27.7062238239,48.8797107388,207.8080935
139.725832865,27.3837119952,48.6153870166,208.057236794
140.32899391,27.7997631222,48.9555574362,208.282259514
140.249480475,27.7912543317,48.95956237,208.554427035
139.980508536,27.3818351377,48.5671765213,208.818829617
140.250715133,27.7882334545,48.9576984899,209.054857176
140.051666491,27.4241169745,48.600080002,209.301273753
140.840175802,28.2309413392,49.3240392227,209.564554485
140.430392319,27.9369568441,49.0849440095,209.821770627
140.485250112,28.3372913578,49.5052044505,210.096981795
140.200029553,27.6643022024,48.8318806153,210.360791261
140.497199833,28.013283368,49.1536771043,210.636757586
140.273750631,27.9475833167,49.1233731036,210.882892068
140.456586886,27.999264919,49.1453633568,211.117707269
139.771005854,27.3765891826,48.5991994529,211.356650645
140.20103221,27.4378733921,48.5847672774,211.626257845
140.505237294,28.0408160359,49.1810870803,211.891923481
140.119439425,27.7229454095,48.9109095001,212.140142734
139.992181105,27.5542715617,48.752569248,212.392139019
140.195754388,27.951850892,49.1432897499,212.625673126
140.003784493,27.6565924532,48.8595059123,212.862124606
140.567649004,28.3847982083,49.5407192186,213.125011586
140.042824204,27.5304279421,48.7163127525,213.396136254
140.805595247,28.356605926,49.4666697093,213.672358549
140.388276197,28.0511387085,49.2150901536,213.943894387
140.566904021,28.1966591979,49.3383225711,214.171813641
140.561779911,28.3905829511,49.5461761955,214.417574276
140.707562018,28.3569013597,49.4824041947,214.675678071
140.822288846,28.2320459904,49.3294726653,214.938143307
140.49853848,28.1471154169,49.298835463,215.204204873
140.586810992,28.1827668655,49.3198134751,215.451859312
140.500932156,28.0208553389,49.1605692726,215.714839597
140.246942737,27.8137859109,48.9843255214,215.961421637
140.100773875,27.7266012404,48.9177599413,216.20836104
140.369834011,27.9038096887,49.0606911553,216.448240588
140.023157575,27.6904495629,48.8938411489,216.71006481
140.112867513,27.8168240929,49.0101421785,216.954417455
140.162085287,27.6576088238,48.8328872697,217.219740348
140.689756768,28.0478141432,49.1553518802,217.495871825
140.31267224,27.7683918426,48.9237218203,217.760289958
140.73402996,28.4241189743,49.5513505199,218.012687149
140.631625659,28.3454901829,49.4866625419,218.275962282
140.684479455,28.2447584739,49.3688471787,218.527068426
140.704915813,28.2069271406,49.3229196211,218.80037988
140.418317085,27.9261820228,49.0755743492,219.074943814
140.450770807,27.90243026,49.0418265484,219.327313635
140.675952966,28.0654665008,49.1759512977,219.560892529
140.247012822,27.6515496825,48.8104140108,219.809766791
140.559242449,28.2122531603,49.3558118741,220.045019908
140.516110709,27.7500813321,48.8669125102,220.29133416
140.608816702,27.9839411047,49.1032222501,220.567448842
140.164565913,27.7770865437,48.9618460456,220.844514936
140.068949918,27.4436765962,48.6174031583,221.079119576
139.65913803,26.9173713834,48.119835949,221.313694047
140.1997361,27.5408948817,48.6998927641,221.577908151
139.971556679,27.3503203559,48.5333406059,221.852272409
140.006715877,27.3861294134,48.5671756301,222.123574671
140.603202352,27.9757177297,49.0954507165,222.387880526
140.106948364,27.668463629,48.8549582116,222.648809631
139.803910307,27.051216485,48.2399415364,222.899135736
139.880032485,27.3255774081,48.521607483,223.145571286
139.951694778,27.4622633578,48.6557406201,223.394630293
140.533506573,27.9451846534,49.0733843105,223.658080531
140.637369128,28.0647479368,49.1832550805,223.916278876
140.082403363,27.5978910305,48.7820305395,224.179118891
140.300627758,27.6041289615,48.747775029,224.394797
140.377651612,27.7848066812,48.9272874726,224.626543984
139.841433683,27.1676684766,48.3593871126,224.877035552
140.098445231,27.4613778988,48.6322350249,225.121469684
140.159788051,27.5155839272,48.6780209356,225.387365165
140.498895115,28.0301461803,49.1715017647,225.657577611
140.936751173,28.5271318655,49.6239885753,225.924244422
140.740694485,28.0624398357,49.1618565059,226.175899207
151.620214561,36.5784790122,26.0530189937,226.434107816
145.495882322,-1.157789458,14.4512510895,226.730796816
145.1407554,-3.14075329285,22.3059582735,226.952539203
145.398824498,-2.76935543685,20.99141522,227.207271846
145.938602873,-2.85437713118,21.1675379911,227.46114203
145.916575977,-2.78419945615,20.9322252792,227.691144188
145.995244812,-2.96759286006,21.5407356429,227.939002657
146.00095968,-2.95470450096,21.4930898545,228.185579098
145.974630387,-2.827524883,21.0683424062,228.426830869
145.918123549,-2.74265059078,20.7878714587,228.651908951
145.877267739,-2.75717637052,20.8475016643,228.925342325
146.040978204,-2.99247935172,21.6137870943,229.199410803
146.000167664,-2.97403849153,21.5610818561,229.462187681
145.901096126,-2.81886593059,21.0550538414,229.720241091
145.916528332,-2.8491352829,21.1549227655,229.988463316
145.939541019,-2.80676850886,21.0042577655,230.23977349
145.998366267,-2.95700554973,21.5036304036,230.492998306
145.91702647,-2.82407600227,21.0699573423,230.760879031
145.964467985,-2.87672737195,21.2384879962,231.024695962
146.018147323,-2.95556585998,21.4934957477,231.276524607
145.888786174,-2.79161566048,20.9631958447,231.513747418
145.954856909,-2.93449863268,21.4364440696,231.761806805
145.929232698,-2.85220631013,21.1627648125,232.004406539
145.922620631,-2.83014847027,21.0861852841,232.271175365
145.987118565,-2.91163103125,21.352260756,232.523235099
145.974881584,-2.93000549409,21.4174138397,232.762917148
145.89831403,-2.80409263759,21.0043204118,233.012987906
145.981338362,-2.88753282161,21.2718511536,233.28289835
145.928349811,-2.84073708071,21.1236437531,233.542062725
145.94841461,-2.85789874922,21.1776507576,233.825866145
145.991288027,-2.81821000195,21.0326027641,234.116950867
146.014056678,-2.91794785384,21.3683281882,234.364179519
145.88704607,-2.77809295224,20.9171086746,234.59752888
145.957123059,-2.83246400475,21.0893953241,234.846743709
145.917897943,-2.80529809324,21.0046882311,235.105318389
146.050749391,-3.05191258637,21.8102479449,235.374831971
146.020355595,-3.02795998326,21.7361156323,235.63355874
145.840648632,-2.72211794552,20.7333659358,235.88788177
145.954912354,-2.8875267071,21.2782883772,236.119110904
146.007545737,-2.85936499443,21.1700198463,236.341057631
145.909844247,-2.73929192952,20.7784288724,236.594434226
145.957624606,-2.85329555185,21.1603659019,236.84186473
146.013479717,-2.8951923035,21.2907625443,237.116542186
145.961480368,-2.72299876703,20.7107112902,237.391449797
145.955091107,-2.8046801737,20.9935699267,237.641744489
146.043154549,-3.01157564777,21.6759602059,237.884396474
146.056705444,-3.00140771691,21.639494314,238.156941885
145.981577726,-2.92258556584,21.3905303381,238.423728439
145.971842129,-2.93906756769,21.4487026831,238.684210297
145.806746436,-2.76817526476,20.9003783097,238.944073846
145.885618353,-2.88117340434,21.2699311439,239.193365497
145.940188398,-2.92077884114,21.3944873869,239.455671801
145.93037993,-2.8237748957,21.0651629854,239.705814404
146.042154518,-2.97776770385,21.5637461929,239.951465249
146.007826983,-2.9781295373,21.5725418589,240.198994346
145.989411261,-2.95170178602,21.4881314476,240.449749971
145.971805139,-2.919712474,21.3829707511,240.689460945
145.956204667,-2.83605187797,21.1018695136,240.95056049
145.907106978,-2.68507548648,20.5894534692,241.219712045
145.989043505,-2.82654805445,21.0621447185,241.481934684
145.895019317,-2.74912719514,20.8158149976,241.729525986
145.937093182,-2.82700443995,21.0751575389,241.976922278
145.926543351,-2.82165195936,21.0589488874,242.254898418
145.950928022,-2.81597386675,21.0329033645,242.53190013
145.976258839,-2.93412538276,21.4303925507,242.763360664
146.027382243,-2.9675277377,21.5317242119,243.038536064
145.840920969,-2.65494903507,20.4990921967,243.286793571
145.88102983,-2.71919702111,20.7145366712,243.536642882
146.071678202,-3.070347294,21.8669433834,243.776231626
145.904860612,-2.74623677653,20.8025984213,244.063469956
145.952435854,-2.860040066,21.1846142249,244.301078122
145.827904809,-2.67320936166,20.5657357201,244.53256136
145.861319623,-2.70597464896,20.6730757004,244.757509124
145.903592255,-2.86747815302,21.2190438927,245.015754122
145.869149871,-2.71558683269,20.7046332339,245.281189915
145.914128864,-2.71973328594,20.7094026466,245.556138581
145.953577232,-2.73902501223,20.7678307416,245.832278144
145.973487279,-2.8501274375,21.1456013878,246.097209151
145.946938235,-2.81684384638,21.0371640689,246.339446545
145.950121445,-2.94880496158,21.4868046806,246.589291813
145.961194476,-2.85464073358,21.1634191167,246.862720521
146.01383165,-2.94544185482,21.4612551787,247.137091622
146.085398946,-2.99792044463,21.6206675965,247.400478101
145.998742891,-2.91604415212,21.3646404959,247.62556458
145.958153569,-2.84390039347,21.1274883191,247.862581806
145.928020819,-2.80379880542,20.9976663871,248.106157522
146.011744125,-2.91340007713,21.3533868172,248.370374425
145.943142977,-2.78521161003,20.9297145559,248.618670499
145.877233555,-2.73818906915,20.7823529096,248.868910141
145.862995737,-2.70855917464,20.6808939867,249.11469348
145.843380305,-2.61562160808,20.3601029322,249.380752558
145.827508355,-2.74073729189,20.8008902385,249.640578162
145.865068203,-2.73470667401,20.7703267366,249.913955242
145.842680791,-2.75908176224,20.8613296756,250.176356407
145.877869296,-2.70333482685,20.6601772196,250.449571445
145.772613864,-2.4820247641,19.8982916095,250.700162228
145.842219484,-2.7620373826,20.8727448882,250.946053492
145.901129044,-2.78107116722,20.9246318969,251.195862681
146.01902673,-2.94791571143,21.4686058026,251.456418561
145.938937579,-2.85284089181,21.1613858689,251.706177676
145.861228035,-2.79582794254,20.9841673834,251.955741781
145.861118092,-2.66862338535,20.5425647671,252.21630637
145.108769362,-2.62474004254,20.5482507935,252.485540034
145.780972555,-3.2082911413,22.3875090555,252.719356859
145.021314067,-3.03661881155,21.9853108699,252.965610151
143.422977195,-2.95841731914,22.0647943556,253.219860713
144.333883624,-2.83457362383,21.445902646,253.467634583
143.410796367,-3.63829411754,24.2961404451,253.738402512
138.762683041,-2.29838469114,20.6128260645,254.022205932
138.809603241,-2.39067382191,20.9554682208,254.299987062
142.388720815,-2.83126545479,21.8435301755,254.54395684
140.45963206,-2.65787373125,21.6219495256,254.792558959
131.484240044,-1.92653701266,20.3444009375,255.031066595
105.946340312,-1.66045912468,21.5838035792,255.320276485
96.9394809387,-16.554728501,16.0746743315,255.591271458
94.572926417,-20.6058349986,15.4875387367,255.841823053
90.7261957081,-24.3265739882,14.3606078115,256.087824418
92.9244867495,-19.6065756478,16.4180271219,256.336681884
93.3837644014,-16.2559244509,17.4803618047,256.585357092
92.9265798254,-17.6862963795,17.1185712894,256.83349579
93.4549838064,-17.7644677997,16.9690932542,257.09457263
93.1826923266,-19.3080216992,16.6307216154,257.35896246
93.337818117,-15.1556418094,18.0590956508,257.584336323
92.8560258671,-20.449555448,16.1913778813,257.830647775
93.4623969795,-15.8791776309,17.3997466528,258.104329965
93.6190372373,-15.8421485252,17.6688484953,258.376769629
93.5033893969,-16.1310402131,17.4209470081,258.651134199
93.0085139356,-18.8372148172,16.8598717649,258.900844794
93.3414129052,-19.2548361606,16.1973138635,259.165673786
93.0927069132,-15.9671067235,17.405479154,259.40340978
93.2057302802,-18.6752319209,16.6338341646,259.657041722
93.6514528723,-17.3057251558,17.1568000642,259.908536331
93.615065357,-18.494776439,17.0250657693,260.171015252
93.2572890741,-21.045337783,15.9559601935,260.432188819
93.1816409455,-19.6500029659,15.8920405536,260.68253483
92.9171565153,-20.1516315552,16.4046415724,260.91822462
88.8831632048,-25.2295165587,15.0670478063,261.154442524
78.7436768686,-33.760691593,14.4245933546,261.416425989
64.6841490417,-38.4294090447,15.266823078,261.693936842
47.6353154862,-43.6127777897,19.7591053244,261.961774335
52.8605977735,-4.28917309769,23.2291243019,262.250508052
49.6603574295,-5.01441929915,25.5409307919,262.517007846
49.6150500311,-5.05633139777,25.7620534736,262.750599492
49.6663932982,-4.86429740968,25.7195905938,263.003970488
49.7152831683,-5.29576718652,25.2539704742,263.259869769
49.7629344535,-5.75463570476,24.7822667367,263.522769501
49.6082501993,-7.44879699629,24.6123328227,263.772305925
49.7002341385,-6.03315098578,25.1245091852,264.044205346
49.888165733,-6.03511083043,24.2735183126,264.280026698
49.8633957164,-4.85484685864,24.9622484365,264.531261294
49.6566738536,-6.02217720547,25.182837157,264.764042421
49.669398345,-5.98869925205,25.0253479749,264.997702491
49.7815071714,-5.3926549302,25.089740657,265.247712911
49.6407425967,-6.3999468707,25.0623883801,265.548994751
49.6842781318,-7.33060507656,24.4355526024,265.841205988
49.7030997482,-5.73450101161,24.9306791488,266.089386052
49.533299804,-7.16945496875,24.9790160212,266.337187603
49.7034065051,-5.51278259252,25.1901530234,266.588045864
49.4781957581,-8.74412502838,24.131575283,266.859716685
49.841680199,-6.44529986078,24.0839654986,267.121215269
49.3135922806,-10.3811631048,23.3550259652,267.406101974
49.6738222693,-6.86507801513,24.4255442039,267.635729974
49.7077151522,-6.13763020763,24.8037491681,267.873692081
49.7072818813,-5.60242828808,25.0574044833,268.108933691
49.7377676383,-6.49090644644,24.5862381672,268.377078783
49.6663564459,-5.64486076956,25.2728091284,268.641221353
49.5533669493,-5.20858476924,25.7690343192,268.89692127
49.6883386633,-7.89607893432,23.6469475416,269.127073963
49.5933803345,-6.8716610346,25.0753150888,269.377018756
49.6397698057,-7.22450668393,24.4114560194,269.620018462
49.5567064687,-6.95238416747,25.1210624297,269.894000165
49.4735908859,-8.7579296069,24.1753576915,270.150779946
49.6832239748,-6.39722177444,24.9362959413,270.437803673
49.7546724751,-5.2854663345,24.9628466038,270.708139282
49.5085178556,-8.72629494266,23.6815629779,270.956208001
49.6197597551,-7.66510558575,24.1357651895,271.189781608
49.7855991185,-5.64169678177,24.788271878,271.464644743
49.7330045479,-4.1238288962,25.6418283657,271.729037373
49.7287083603,-7.16969624849,24.0211177494,271.973645055
49.673448353,-7.77139053632,23.8558268765,272.209076698
49.548673801,-8.78052118208,23.9027055075,272.478217056
49.5568630116,-8.03026563466,24.4251376317,272.738283702
49.7210338888,-7.05550790874,24.1653391279,272.968048863
49.6056100811,-7.34811293078,24.6039697846,273.216611481
49.5989102396,-7.57511477144,24.5538163181,273.466129244
49.5710595516,-6.63178260732,25.0927703626,273.745131129
49.7693808565,-7.36386108723,23.8075156751,274.013192246
49.7472648456,-6.19951951872,24.3675950604,274.275012736
49.5376174189,-5.4838660075,25.8752106407,274.543943466
49.6370740474,-7.74421632852,24.1369160712,274.809066683
49.715967755,-5.77228055305,25.102599394,275.055426344
49.7362678981,-4.86349399675,25.2406252473,275.301031779
49.7061675347,-4.23581426625,25.8526828185,275.586917171
49.6337921514,-7.95443786564,24.0604683843,275.851134074
49.8117584357,-4.76237810607,25.4787178886,276.091450606
50.2855851038,-3.50511155224,24.1425917398,276.313021309
50.7443326234,15.4322600133,27.0305778549,276.589354017
52.7369392031,18.8200571034,24.1494937573,276.808055556
56.1089515125,38.7354622553,24.4001589996,277.068364797
53.7014674954,44.6315318862,27.4198449804,277.317030364
51.218063514,45.9713659314,26.8478673092,277.564265858
51.2891962539,46.3687520643,25.8495863338,277.810152767
52.236434365,44.9687727218,26.6919309686,278.070305876
51.341148378,45.8050079472,27.1210929639,278.334862725
51.7282352919,45.2632433591,26.4363023595,278.621284938
51.549282793,44.9007011861,27.7966193919,278.894874444
51.1467749015,45.5996265342,27.3722246814,279.146383982
51.5652214021,45.7876262654,26.7911902135,279.380451179
52.3190734573,45.1226802249,26.5967016978,279.642936942
51.9475177309,45.355637607,27.3571445407,279.903350064
51.8149173396,45.4228486679,26.8115935268,280.151554076
52.3108862371,45.1483243776,26.4691534729,280.401513488
51.7215281335,45.1177034711,26.5546448814,280.665043969
51.6256360425,45.7351365517,26.1069180989,280.903368103
51.3740510099,46.4077799102,25.9431578779,281.148430186
51.6065422955,45.6999439789,26.4432969385,281.397464312
51.7883741526,45.5752499316,27.0417291327,281.670952426
51.2489616341,46.0226852932,27.5836074542,281.944294671
51.8270068029,45.5380825246,26.8872306711,282.192724173
51.9718886081,45.2241923424,26.1658277034,282.445954276
51.2517203039,45.501984403,26.9660300726,282.704407347
51.4202640595,45.5740535031,25.846366517,282.963796901
51.6818151389,45.8993847845,26.3237808092,283.214853593
51.3714680466,46.3156369566,25.7916441143,283.476373949
52.0045548301,45.3568822252,26.3568570316,283.725213376
51.6757324633,45.716286545,26.5286365774,283.972695198
52.1148237913,45.5683385675,25.9630978022,284.225488629
50.5359373916,46.6024267468,26.6214980355,284.473252547
51.5436966286,45.3920073252,26.8067406296,284.719706135
51.8969868614,45.2804407044,27.8185852076,284.967242386
52.3889899806,44.9338598163,26.6958543132,285.207421447
52.1258696702,45.192022755,25.9679804519,285.479945086
51.9185134221,45.5276522739,27.212066744,285.757308827
51.7873856371,45.736491324,26.5529977871,285.999809344
52.2333415829,45.0670284213,26.8203566888,286.250155044
51.653182087,45.6918434639,26.3074725201,286.502322079
51.7117129878,45.2540562311,26.7197051416,286.763889399
52.4076635302,45.0112104038,27.1967431126,287.033735773
52.2747868387,44.8816824374,27.7260752742,287.312944798
51.7470721402,45.6436965446,26.5320358263,287.548315482
51.6135834731,46.0342229662,26.7026073444,287.795833383
51.8902862163,45.2102249352,27.2938638958,288.028102881
51.6032268827,45.1407207774,27.4628429008,288.280930213
51.1899830337,45.6072358257,27.635907909,288.543817503
51.6510399397,45.1815585088,26.8186762346,288.805729122
51.1967426201,46.2791209061,26.3085568476,289.056732008
51.5654941623,45.8315902827,27.446314899,289.302277106
52.2832354946,45.0398488241,27.6064054375,289.551419778
51.9117704036,45.641468854,26.675214207,289.838281151
52.3525040148,45.140652381,26.5557855613,290.124375238
51.8542058952,45.5620070132,27.2700971212,290.38526391
51.2515856366,45.871099205,26.7254597903,290.662568868
51.3581597351,45.6839672988,27.1594123224,290.899543173
52.2923882043,45.1622083345,26.6368749671,291.155084159
52.0220701443,45.4933961764,27.2474650797,291.406148316
51.9649806801,45.6029106134,26.6371307464,291.679561162
51.6534790939,46.0006384507,27.3120212643,291.941808684
51.9842801273,45.3198518988,27.4806274601,292.192488108
51.7704985522,45.2590607945,27.3451456374,292.417937859
51.7785117244,44.9187103218,27.6276842024,292.65095194
52.06199644,45.686078577,25.7874715892,292.913288103
52.1120688116,45.4677436263,26.5511203777,293.159800474
52.330006698,45.0839035956,26.2822796979,293.422993809
51.9762817505,45.3068004071,27.1696381186,293.696833376
52.7595873929,44.5825116012,26.9929883718,293.948268269
52.1762045719,45.3601330229,27.3931296159,294.199344244
51.8546706243,45.1813706036,26.594526866,294.443906517
52.021624496,44.9017644571,27.2751907982,294.705369645
52.3141179331,45.0188080757,26.7557077343,294.976753394
52.3655026443,44.9547178667,26.9467775799,295.227051196
51.9382250774,45.4713789361,26.4703357933,295.491770708
51.569013432,45.9041265161,26.6342272324,295.741375557
51.952656601,45.6321367712,26.522860385,295.995805266
51.3656658731,45.6715009577,26.3517072166,296.236272643
51.5658017625,45.2113187862,26.8522935902,296.473387219
51.2663353946,46.2530571448,26.9963264363,296.721807079
51.2075971498,46.5388210812,25.9641161967,296.967008188
51.6688235357,45.5881227057,27.3663306325,297.234810536
51.7307995172,45.6698998112,27.2337393559,297.497012959
51.3589116713,46.1524753489,27.0831633439,297.767296006
51.6977653641,45.2809794076,27.5405392597,298.024114354
51.0992380422,45.8540167744,27.2725006852,298.27623287
51.926607563,45.091516155,28.2920402864,298.540190693
51.3391903071,46.1300679332,26.6940551043,298.839708424
51.5378922247,45.8847137663,26.8200314126,299.088947513
52.0474834292,45.1351799866,27.2868815324,299.335289756
51.9828495796,45.4745416409,26.7745623403,299.571957706
52.2908869137,45.0607997393,26.7953367366,299.830914008
51.6528280773,45.0594192313,27.3098325074,300.070376789
52.057952091,44.8320681979,26.9467590883,300.328836702
51.9497234986,45.3809600216,26.7055899,300.607363348
51.3677438268,46.1034194241,27.2540033845,300.855684615
52.3883112238,45.033305084,27.0693127363,301.090830742
51.7604290035,45.810444923,26.8191766442,301.315214626
51.8597710454,45.1794472903,27.3366091909,301.564248752
51.8441652374,44.9200375078,27.6437988857,301.84997179
52.1455083375,44.7684393133,27.6323212866,302.121529089
51.9368048805,45.070702026,26.6985772835,302.374817975
52.1358082258,45.1403199199,27.13903605,302.61278568
52.1435258128,45.2105285911,27.2837348739,302.857079542
51.7191400447,45.7897301844,26.5558465265,303.107400671
51.9341687719,45.4966597074,26.6489504846,303.364885846
51.8607396486,45.2827818573,26.9188881316,303.640794322
51.1692946443,45.8362338894,26.2476297667,303.904396648
51.1984524417,45.625231172,26.9899655718,304.155940087
51.5661635137,46.0824220424,26.299016352,304.377799107
51.8953119163,45.2831371911,27.5084167606,304.636169135
51.818595013,45.5795670776,26.2222310343,304.884815419
51.9466059084,45.2579385724,27.5979819916,305.144985012
51.9219115484,44.7191648374,27.5081037206,305.385275107
51.7284805556,45.8286886345,26.763157122,305.624788273
51.8094170225,45.3663471547,27.3469348185,305.87435922
51.965694103,45.3955774423,26.2064097888,306.143938739
52.1771001092,44.8610400049,26.9377098278,306.404166493
51.8379619476,45.27136795,27.1282964199,306.666873392
52.4000468619,44.8609924966,27.2217345736,306.939124577
52.1519401441,45.1165379851,26.9999217319,307.202929067
52.0472686295,44.587622179,26.6327854895,307.46834682
52.0108270406,44.4353536782,27.3140117725,307.710648907
52.1069927641,44.9174153722,28.1272544101,307.982110722
52.3017686787,45.0078043247,26.9126078662,308.231675138
52.1051522578,45.063483676,27.0432572274,308.483179078
52.1208131675,45.1393285122,26.8170311866,308.720026798
52.5738832526,44.532997025,27.1909568664,308.994006946
51.690866019,44.8580429839,27.4292339538,309.231784928
52.3572488528,44.4884081524,26.4300759256,309.468326915
52.7520632928,44.3618810608,26.8663080665,309.704201141
52.3387539686,44.9343574766,26.9315032508,309.950012783
52.3281561552,44.848247123,26.9826982072,310.188199446
51.9640881716,45.3629529654,26.7291300848,310.478271796
51.8556393359,44.7864324572,27.3786177351,310.740185903
51.6876268319,44.6338552541,28.6005182488,310.99574555
51.7532858622,44.9935256682,27.0367206182,311.24833744
51.3655746797,45.8693008739,27.1907578244,311.497171268
51.6239949368,45.699412345,27.4537083721,311.770895447
51.5635032703,45.7396256075,27.4167906115,312.04057978
51.989044199,45.1306154248,28.1311998693,312.307171013
51.956448195,45.3512269717,26.4467309817,312.542888485
51.7340065184,44.9028023538,27.3898474721,312.792360528
52.2526625691,44.6122524683,26.9824259632,313.037146424
51.8293854732,45.8365716338,26.0415171115,313.315655342
52.278332285,45.1543003875,26.8778494197,313.564342369
51.2422032029,46.3716681239,26.7462829423,313.838441327
